Country,Time,Value
Australia,1970,82.77
Australia,1971,81.61
Australia,1972,82.79
Australia,1973,84.90
Australia,1974,83.56
Australia,1975,84.42
Australia,1976,82.56
Australia,1977,80.51
Australia,1978,83.61
Australia,1979,83.85
Australia,1980,84.50
Australia,1981,86.45
Australia,1982,86.31
Australia,1983,85.60
Australia,1984,84.67
Australia,1985,80.80
Australia,1986,79.23
Australia,1987,80.61
Australia,1988,80.10
Australia,1989,78.38
Australia,1990,76.90
Australia,1991,77.20
Australia,1992,77.01
Australia,1993,76.79
Australia,1994,77.07
Australia,1995,79.09
Australia,1996,79.32
Australia,1997,80.66
Australia,1998,81.34
Australia,1999,80.77
Australia,2000,80.43
Australia,2001,81.02
Australia,2002,80.54
Australia,2003,79.97
Australia,2004,77.80
Australia,2005,76.68
Australia,2006,76.91
Australia,2007,76.85
Australia,2008,78.00
Australia,2009,77.23
Australia,2010,77.03
Australia,2011,77.28
Australia,2012,75.82
Australia,2013,81.47
Australia,2014,79.24
Australia,2015,78.36
Australia,2016,81.33
Australia,2017,79.91
Australia,2018,80.90
Australia,2019,82.52
Australia,2020,83.86
Austria,1995,95.49
Austria,1996,92.93
Austria,1997,92.24
Austria,1998,93.86
Austria,1999,91.61
Austria,2000,92.13
Austria,2001,89.49
Austria,2002,90.64
Austria,2003,89.29
Austria,2004,88.87
Austria,2005,88.28
Austria,2006,90.96
Austria,2007,90.71
Austria,2008,91.04
Austria,2009,89.81
Austria,2010,88.65
Austria,2011,90.47
Austria,2012,93.25
Austria,2013,95.29
Austria,2014,95.37
Austria,2015,97.42
Austria,2016,100.58
Austria,2017,100.20
Austria,2018,100.24
Austria,2019,98.26
Austria,2020,99.92
Belgium,1970,75.57
Belgium,1971,75.46
Belgium,1972,78.80
Belgium,1973,82.18
Belgium,1974,86.48
Belgium,1975,84.71
Belgium,1976,87.72
Belgium,1977,88.97
Belgium,1978,91.58
Belgium,1979,93.34
Belgium,1980,98.78
Belgium,1981,99.42
Belgium,1982,102.53
Belgium,1983,101.07
Belgium,1984,100.05
Belgium,1985,99.04
Belgium,1986,99.14
Belgium,1987,100.88
Belgium,1988,103.19
Belgium,1989,104.80
Belgium,1990,104.24
Belgium,1991,106.82
Belgium,1992,106.50
Belgium,1993,108.75
Belgium,1994,111.79
Belgium,1995,112.02
Belgium,1996,108.92
Belgium,1997,109.19
Belgium,1998,107.34
Belgium,1999,106.05
Belgium,2000,107.38
Belgium,2001,105.91
Belgium,2002,106.15
Belgium,2003,103.45
Belgium,2004,101.87
Belgium,2005,99.88
Belgium,2006,100.64
Belgium,2007,99.79
Belgium,2008,99.27
Belgium,2009,97.36
Belgium,2010,98.52
Belgium,2011,98.09
Belgium,2012,99.47
Belgium,2013,101.40
Belgium,2014,102.33
Belgium,2015,103.70
Belgium,2016,106.97
Belgium,2017,106.42
Belgium,2018,105.79
Belgium,2019,105.39
Belgium,2020,109.19
Canada,1970,87.01
Canada,1971,85.93
Canada,1972,86.79
Canada,1973,86.80
Canada,1974,87.59
Canada,1975,86.23
Canada,1976,89.15
Canada,1977,90.66
Canada,1978,90.61
Canada,1979,89.32
Canada,1980,89.04
Canada,1981,88.22
Canada,1982,89.72
Canada,1983,89.36
Canada,1984,89.92
Canada,1985,89.09
Canada,1986,86.37
Canada,1987,86.14
Canada,1988,85.98
Canada,1989,85.43
Canada,1990,83.90
Canada,1991,83.54
Canada,1992,82.42
Canada,1993,83.77
Canada,1994,84.71
Canada,1995,85.56
Canada,1996,83.30
Canada,1997,83.60
Canada,1998,83.28
Canada,1999,82.93
Canada,2000,82.39
Canada,2001,81.91
Canada,2002,80.16
Canada,2003,79.21
Canada,2004,77.84
Canada,2005,79.15
Canada,2006,79.40
Canada,2007,78.29
Canada,2008,77.23
Canada,2009,74.94
Canada,2010,73.75
Canada,2011,74.67
Canada,2012,73.79
Canada,2013,75.70
Canada,2014,77.05
Canada,2015,73.94
Canada,2016,76.15
Canada,2017,76.95
Canada,2018,75.70
Canada,2019,72.83
Canada,2020,75.86
Czech Republic,1993,42.61
Czech Republic,1994,43.42
Czech Republic,1995,46.01
Czech Republic,1996,46.50
Czech Republic,1997,45.55
Czech Republic,1998,44.69
Czech Republic,1999,44.22
Czech Republic,2000,44.39
Czech Republic,2001,48.00
Czech Republic,2002,47.54
Czech Republic,2003,49.17
Czech Republic,2004,49.70
Czech Republic,2005,49.24
Czech Republic,2006,51.07
Czech Republic,2007,53.51
Czech Republic,2008,54.00
Czech Republic,2009,53.17
Czech Republic,2010,51.51
Czech Republic,2011,52.54
Czech Republic,2012,52.53
Czech Republic,2013,54.37
Czech Republic,2014,55.53
Czech Republic,2015,57.05
Czech Republic,2016,58.39
Czech Republic,2017,60.19
Czech Republic,2018,60.68
Czech Republic,2019,61.52
Czech Republic,2020,61.55
Denmark,1970,67.56
Denmark,1971,68.42
Denmark,1972,70.35
Denmark,1973,72.46
Denmark,1974,73.59
Denmark,1975,74.58
Denmark,1976,75.50
Denmark,1977,77.47
Denmark,1978,79.07
Denmark,1979,81.43
Denmark,1980,80.78
Denmark,1981,81.27
Denmark,1982,83.81
Denmark,1983,84.01
Denmark,1984,84.78
Denmark,1985,85.36
Denmark,1986,85.28
Denmark,1987,86.38
Denmark,1988,87.07
Denmark,1989,88.12
Denmark,1990,89.17
Denmark,1991,90.32
Denmark,1992,88.82
Denmark,1993,90.17
Denmark,1994,95.13
Denmark,1995,96.33
Denmark,1996,96.64
Denmark,1997,96.34
Denmark,1998,94.62
Denmark,1999,92.12
Denmark,2000,93.28
Denmark,2001,90.95
Denmark,2002,91.32
Denmark,2003,88.77
Denmark,2004,90.73
Denmark,2005,88.74
Denmark,2006,91.20
Denmark,2007,91.24
Denmark,2008,93.16
Denmark,2009,91.81
Denmark,2010,96.56
Denmark,2011,97.08
Denmark,2012,97.77
Denmark,2013,100.06
Denmark,2014,100.79
Denmark,2015,101.41
Denmark,2016,104.79
Denmark,2017,108.18
Denmark,2018,109.21
Denmark,2019,108.14
Denmark,2020,110.39
Finland,1970,51.00
Finland,1971,51.56
Finland,1972,54.17
Finland,1973,56.05
Finland,1974,58.35
Finland,1975,60.34
Finland,1976,59.76
Finland,1977,60.60
Finland,1978,62.29
Finland,1979,65.86
Finland,1980,68.17
Finland,1981,66.65
Finland,1982,68.79
Finland,1983,69.66
Finland,1984,70.39
Finland,1985,71.48
Finland,1986,72.78
Finland,1987,73.79
Finland,1988,76.32
Finland,1989,78.61
Finland,1990,79.14
Finland,1991,78.72
Finland,1992,78.86
Finland,1993,82.85
Finland,1994,85.79
Finland,1995,87.12
Finland,1996,84.58
Finland,1997,86.49
Finland,1998,89.49
Finland,1999,88.43
Finland,2000,89.95
Finland,2001,88.92
Finland,2002,87.25
Finland,2003,84.60
Finland,2004,85.98
Finland,2005,83.47
Finland,2006,85.22
Finland,2007,88.46
Finland,2008,89.44
Finland,2009,85.22
Finland,2010,84.80
Finland,2011,86.63
Finland,2012,84.85
Finland,2013,85.78
Finland,2014,85.25
Finland,2015,85.94
Finland,2016,89.54
Finland,2017,91.76
Finland,2018,90.37
Finland,2019,88.09
Finland,2020,87.58
France,1970,64.73
France,1971,65.49
France,1972,68.23
France,1973,70.50
France,1974,74.77
France,1975,73.65
France,1976,73.39
France,1977,76.02
France,1978,79.29
France,1979,81.35
France,1980,82.67
France,1981,82.69
France,1982,88.33
France,1983,88.07
France,1984,88.37
France,1985,90.27
France,1986,90.22
France,1987,90.45
France,1988,92.31
France,1989,94.76
France,1990,95.40
France,1991,95.35
France,1992,94.40
France,1993,94.92
France,1994,96.06
France,1995,98.23
France,1996,96.82
France,1997,97.42
France,1998,98.24
France,1999,96.54
France,2000,98.07
France,2001,99.50
France,2002,101.40
France,2003,95.77
France,2004,92.86
France,2005,92.55
France,2006,95.38
France,2007,94.11
France,2008,93.46
France,2009,91.08
France,2010,90.64
France,2011,91.93
France,2012,90.92
France,2013,94.54
France,2014,94.36
France,2015,94.60
France,2016,97.58
France,2017,98.62
France,2018,98.33
France,2019,99.54
France,2020,100.20
Germany,1970,69.49
Germany,1971,69.90
Germany,1972,71.64
Germany,1973,73.55
Germany,1974,77.22
Germany,1975,77.99
Germany,1976,79.69
Germany,1977,82.10
Germany,1978,83.97
Germany,1979,85.99
Germany,1980,86.70
Germany,1981,86.14
Germany,1982,87.31
Germany,1983,87.77
Germany,1984,88.25
Germany,1985,88.66
Germany,1986,88.01
Germany,1987,88.57
Germany,1988,89.82
Germany,1989,92.13
Germany,1990,93.78
Germany,1991,95.79
Germany,1992,94.97
Germany,1993,96.45
Germany,1994,98.12
Germany,1995,99.37
Germany,1996,98.45
Germany,1997,98.16
Germany,1998,96.97
Germany,1999,95.70
Germany,2000,93.95
Germany,2001,94.70
Germany,2002,94.54
Germany,2003,93.66
Germany,2004,92.86
Germany,2005,90.19
Germany,2006,91.03
Germany,2007,91.11
Germany,2008,90.92
Germany,2009,87.46
Germany,2010,87.35
Germany,2011,90.54
Germany,2012,90.59
Germany,2013,92.28
Germany,2014,93.60
Germany,2015,93.23
Germany,2016,97.72
Germany,2017,99.17
Germany,2018,98.91
Germany,2019,96.48
Germany,2020,96.51
Greece,1983,62.21
Greece,1984,64.46
Greece,1985,62.76
Greece,1986,61.81
Greece,1987,61.29
Greece,1988,62.50
Greece,1989,62.79
Greece,1990,61.58
Greece,1991,62.87
Greece,1992,59.56
Greece,1993,57.34
Greece,1994,57.86
Greece,1995,58.92
Greece,1996,59.73
Greece,1997,62.11
Greece,1998,60.79
Greece,1999,59.94
Greece,2000,60.25
Greece,2001,62.20
Greece,2002,63.27
Greece,2003,62.94
Greece,2004,62.58
Greece,2005,57.84
Greece,2006,61.42
Greece,2007,60.34
Greece,2008,61.02
Greece,2009,59.00
Greece,2010,54.82
Greece,2011,51.00
Greece,2012,49.12
Greece,2013,49.90
Greece,2014,49.14
Greece,2015,50.14
Greece,2016,48.80
Greece,2017,49.38
Greece,2018,46.67
Greece,2019,47.15
Greece,2020,46.99
Hungary,1991,29.95
Hungary,1992,31.34
Hungary,1993,33.12
Hungary,1994,32.23
Hungary,1995,37.16
Hungary,1996,36.28
Hungary,1997,36.35
Hungary,1998,36.96
Hungary,1999,36.06
Hungary,2000,37.47
Hungary,2001,40.51
Hungary,2002,42.95
Hungary,2003,43.25
Hungary,2004,43.46
Hungary,2005,44.22
Hungary,2006,45.73
Hungary,2007,46.54
Hungary,2008,49.63
Hungary,2009,49.55
Hungary,2010,50.04
Hungary,2011,52.15
Hungary,2012,51.25
Hungary,2013,52.24
Hungary,2014,50.56
Hungary,2015,50.75
Hungary,2016,49.80
Hungary,2017,50.37
Hungary,2018,51.88
Hungary,2019,52.62
Hungary,2020,53.98
Iceland,1970,64.47
Iceland,1971,68.40
Iceland,1972,70.10
Iceland,1973,71.85
Iceland,1974,75.14
Iceland,1975,73.24
Iceland,1976,74.45
Iceland,1977,81.77
Iceland,1978,85.33
Iceland,1979,89.14
Iceland,1980,91.94
Iceland,1981,89.37
Iceland,1982,89.18
Iceland,1983,84.16
Iceland,1984,84.77
Iceland,1985,83.01
Iceland,1986,83.99
Iceland,1987,85.64
Iceland,1988,86.78
Iceland,1989,87.75
Iceland,1990,88.63
Iceland,1991,87.16
Iceland,1992,81.42
Iceland,1993,81.62
Iceland,1994,84.60
Iceland,1995,82.76
Iceland,1996,81.48
Iceland,1997,85.08
Iceland,1998,86.32
Iceland,1999,84.10
Iceland,2000,77.72
Iceland,2001,78.84
Iceland,2002,80.77
Iceland,2003,79.00
Iceland,2004,82.39
Iceland,2005,81.07
Iceland,2006,81.24
Iceland,2007,81.03
Iceland,2008,82.47
Iceland,2009,87.90
Iceland,2010,81.77
Iceland,2011,81.24
Iceland,2012,81.21
Iceland,2013,82.83
Iceland,2014,83.39
Iceland,2015,86.41
Iceland,2016,89.41
Iceland,2017,89.57
Iceland,2018,89.30
Iceland,2019,91.54
Iceland,2020,88.59
Ireland,1970,40.82
Ireland,1971,40.54
Ireland,1972,43.04
Ireland,1973,43.65
Ireland,1974,46.02
Ireland,1975,47.91
Ireland,1976,47.98
Ireland,1977,50.45
Ireland,1978,53.54
Ireland,1979,52.80
Ireland,1980,55.93
Ireland,1981,57.50
Ireland,1982,59.44
Ireland,1983,58.52
Ireland,1984,61.47
Ireland,1985,62.29
Ireland,1986,60.02
Ireland,1987,62.61
Ireland,1988,64.84
Ireland,1989,67.85
Ireland,1990,69.71
Ireland,1991,71.57
Ireland,1992,72.66
Ireland,1993,74.21
Ireland,1994,75.37
Ireland,1995,78.91
Ireland,1996,79.83
Ireland,1997,83.11
Ireland,1998,84.51
Ireland,1999,83.34
Ireland,2000,86.34
Ireland,2001,88.20
Ireland,2002,92.44
Ireland,2003,91.29
Ireland,2004,91.66
Ireland,2005,88.23
Ireland,2006,91.21
Ireland,2007,92.02
Ireland,2008,87.45
Ireland,2009,88.19
Ireland,2010,97.59
Ireland,2011,101.45
Ireland,2012,102.95
Ireland,2013,101.17
Ireland,2014,102.88
Ireland,2015,132.29
Ireland,2016,132.46
Ireland,2017,136.50
Ireland,2018,140.09
Ireland,2019,139.56
Ireland,2020,149.86
Italy,1970,68.59
Italy,1971,69.07
Italy,1972,70.77
Italy,1973,73.63
Italy,1974,78.41
Italy,1975,75.28
Italy,1976,78.03
Italy,1977,80.41
Italy,1978,82.54
Italy,1979,86.41
Italy,1980,88.03
Italy,1981,86.54
Italy,1982,86.47
Italy,1983,84.91
Italy,1984,86.34
Italy,1985,86.50
Italy,1986,86.02
Italy,1987,87.04
Italy,1988,88.53
Italy,1989,90.88
Italy,1990,90.21
Italy,1991,89.08
Italy,1992,87.33
Italy,1993,88.64
Italy,1994,91.59
Italy,1995,94.10
Italy,1996,91.83
Italy,1997,92.22
Italy,1998,91.90
Italy,1999,89.26
Italy,2000,89.08
Italy,2001,87.21
Italy,2002,84.90
Italy,2003,81.77
Italy,2004,78.61
Italy,2005,76.21
Italy,2006,77.55
Italy,2007,77.52
Italy,2008,78.97
Italy,2009,76.99
Italy,2010,75.96
Italy,2011,77.54
Italy,2012,77.71
Italy,2013,78.63
Italy,2014,77.42
Italy,2015,77.08
Italy,2016,80.89
Italy,2017,80.94
Italy,2018,79.97
Italy,2019,79.22
Italy,2020,80.69
Japan,1970,40.69
Japan,1971,40.85
Japan,1972,43.22
Japan,1973,45.15
Japan,1974,46.55
Japan,1975,47.38
Japan,1976,47.35
Japan,1977,48.30
Japan,1978,50.10
Japan,1979,52.00
Japan,1980,53.22
Japan,1981,54.17
Japan,1982,55.75
Japan,1983,55.57
Japan,1984,56.35
Japan,1985,58.32
Japan,1986,58.52
Japan,1987,60.64
Japan,1988,63.40
Japan,1989,65.63
Japan,1990,67.85
Japan,1991,69.00
Japan,1992,67.64
Japan,1993,68.89
Japan,1994,69.16
Japan,1995,71.11
Japan,1996,71.18
Japan,1997,71.37
Japan,1998,70.58
Japan,1999,70.48
Japan,2000,71.32
Japan,2001,70.79
Japan,2002,70.89
Japan,2003,69.37
Japan,2004,69.14
Japan,2005,68.44
Japan,2006,67.99
Japan,2007,67.47
Japan,2008,66.50
Japan,2009,63.64
Japan,2010,63.92
Japan,2011,64.42
Japan,2012,65.14
Japan,2013,66.84
Japan,2014,65.46
Japan,2015,66.87
Japan,2016,65.06
Japan,2017,64.03
Japan,2018,63.50
Japan,2019,62.98
Japan,2020,63.08
Korea,1970,9.88
Korea,1971,10.20
Korea,1972,10.25
Korea,1973,10.93
Korea,1974,11.60
Korea,1975,11.92
Korea,1976,12.43
Korea,1977,13.41
Korea,1978,14.13
Korea,1979,15.11
Korea,1980,14.80
Korea,1981,15.05
Korea,1982,15.88
Korea,1983,17.27
Korea,1984,18.82
Korea,1985,19.38
Korea,1986,20.17
Korea,1987,21.63
Korea,1988,23.59
Korea,1989,24.96
Korea,1990,26.71
Korea,1991,28.53
Korea,1992,28.97
Korea,1993,30.29
Korea,1994,31.98
Korea,1995,33.92
Korea,1996,35.09
Korea,1997,36.87
Korea,1998,37.81
Korea,1999,40.11
Korea,2000,40.45
Korea,2001,40.91
Korea,2002,42.32
Korea,2003,42.42
Korea,2004,43.21
Korea,2005,43.74
Korea,2006,44.63
Korea,2007,46.79
Korea,2008,48.26
Korea,2009,47.24
Korea,2010,48.77
Korea,2011,48.98
Korea,2012,49.16
Korea,2013,48.88
Korea,2014,49.18
Korea,2015,51.50
Korea,2016,53.20
Korea,2017,54.36
Korea,2018,56.31
Korea,2019,54.74
Korea,2020,57.56
Luxembourg,1970,100.27
Luxembourg,1971,96.32
Luxembourg,1972,98.71
Luxembourg,1973,104.18
Luxembourg,1974,108.02
Luxembourg,1975,98.59
Luxembourg,1976,97.89
Luxembourg,1977,99.87
Luxembourg,1978,104.78
Luxembourg,1979,107.25
Luxembourg,1980,108.42
Luxembourg,1981,106.58
Luxembourg,1982,109.57
Luxembourg,1983,110.57
Luxembourg,1984,115.32
Luxembourg,1985,114.34
Luxembourg,1986,120.75
Luxembourg,1987,121.44
Luxembourg,1988,124.87
Luxembourg,1989,132.27
Luxembourg,1990,131.42
Luxembourg,1991,136.98
Luxembourg,1992,132.94
Luxembourg,1993,135.04
Luxembourg,1994,137.17
Luxembourg,1995,134.38
Luxembourg,1996,133.72
Luxembourg,1997,135.30
Luxembourg,1998,132.39
Luxembourg,1999,138.45
Luxembourg,2000,139.76
Luxembourg,2001,131.34
Luxembourg,2002,129.56
Luxembourg,2003,125.92
Luxembourg,2004,127.30
Luxembourg,2005,128.64
Luxembourg,2006,138.68
Luxembourg,2007,138.57
Luxembourg,2008,139.44
Luxembourg,2009,134.71
Luxembourg,2010,134.63
Luxembourg,2011,137.02
Luxembourg,2012,137.58
Luxembourg,2013,142.03
Luxembourg,2014,144.22
Luxembourg,2015,144.51
Luxembourg,2016,148.83
Luxembourg,2017,146.20
Luxembourg,2018,141.13
Luxembourg,2019,135.92
Luxembourg,2020,139.40
Mexico,1991,37.66
Mexico,1992,36.60
Mexico,1993,36.32
Mexico,1994,35.93
Mexico,1995,33.64
Mexico,1996,33.20
Mexico,1997,32.34
Mexico,1998,33.49
Mexico,1999,31.95
Mexico,2000,33.04
Mexico,2001,32.55
Mexico,2002,30.33
Mexico,2003,30.55
Mexico,2004,30.18
Mexico,2005,29.34
Mexico,2006,30.84
Mexico,2007,30.83
Mexico,2008,30.26
Mexico,2009,30.43
Mexico,2010,28.17
Mexico,2011,30.04
Mexico,2012,29.96
Mexico,2013,29.53
Mexico,2014,30.31
Mexico,2015,29.82
Mexico,2016,30.77
Mexico,2017,30.41
Mexico,2018,29.83
Mexico,2019,29.18
Mexico,2020,28.88
Netherlands,1970,81.61
Netherlands,1971,82.69
Netherlands,1972,83.32
Netherlands,1973,86.78
Netherlands,1974,93.52
Netherlands,1975,94.09
Netherlands,1976,96.46
Netherlands,1977,98.39
Netherlands,1978,100.34
Netherlands,1979,101.13
Netherlands,1980,102.68
Netherlands,1981,100.01
Netherlands,1982,101.51
Netherlands,1983,102.75
Netherlands,1984,103.44
Netherlands,1985,103.43
Netherlands,1986,102.52
Netherlands,1987,103.03
Netherlands,1988,103.70
Netherlands,1989,104.89
Netherlands,1990,104.61
Netherlands,1991,104.51
Netherlands,1992,100.84
Netherlands,1993,102.07
Netherlands,1994,102.99
Netherlands,1995,101.19
Netherlands,1996,98.80
Netherlands,1997,100.07
Netherlands,1998,101.53
Netherlands,1999,100.62
Netherlands,2000,104.05
Netherlands,2001,103.11
Netherlands,2002,103.75
Netherlands,2003,99.51
Netherlands,2004,99.12
Netherlands,2005,99.47
Netherlands,2006,102.37
Netherlands,2007,102.61
Netherlands,2008,103.78
Netherlands,2009,97.82
Netherlands,2010,96.37
Netherlands,2011,97.21
Netherlands,2012,97.66
Netherlands,2013,100.74
Netherlands,2014,98.19
Netherlands,2015,98.24
Netherlands,2016,99.04
Netherlands,2017,99.69
Netherlands,2018,98.95
Netherlands,2019,96.78
Netherlands,2020,96.85
New Zealand,1970,65.61
New Zealand,1971,66.38
New Zealand,1972,69.02
New Zealand,1973,67.99
New Zealand,1974,68.44
New Zealand,1975,68.18
New Zealand,1976,65.22
New Zealand,1977,59.23
New Zealand,1978,62.16
New Zealand,1979,60.11
New Zealand,1980,61.27
New Zealand,1981,61.57
New Zealand,1982,64.06
New Zealand,1983,64.05
New Zealand,1984,65.53
New Zealand,1985,62.43
New Zealand,1986,63.38
New Zealand,1987,62.12
New Zealand,1988,63.87
New Zealand,1989,66.43
New Zealand,1990,66.57
New Zealand,1991,65.27
New Zealand,1992,65.39
New Zealand,1993,66.12
New Zealand,1994,66.32
New Zealand,1995,66.78
New Zealand,1996,65.04
New Zealand,1997,66.39
New Zealand,1998,63.75
New Zealand,1999,62.74
New Zealand,2000,63.24
New Zealand,2001,62.44
New Zealand,2002,61.16
New Zealand,2003,59.53
New Zealand,2004,57.90
New Zealand,2005,55.02
New Zealand,2006,57.22
New Zealand,2007,58.76
New Zealand,2008,57.35
New Zealand,2009,59.22
New Zealand,2010,57.63
New Zealand,2011,59.14
New Zealand,2012,59.32
New Zealand,2013,61.68
New Zealand,2014,60.82
New Zealand,2015,60.28
New Zealand,2016,61.89
New Zealand,2017,62.39
New Zealand,2018,60.79
New Zealand,2019,61.63
New Zealand,2020,60.00
Norway,1970,63.28
Norway,1971,64.63
Norway,1972,66.91
Norway,1973,68.39
Norway,1974,71.60
Norway,1975,72.58
Norway,1976,74.78
Norway,1977,76.53
Norway,1978,79.24
Norway,1979,82.33
Norway,1980,84.01
Norway,1981,82.82
Norway,1982,83.83
Norway,1983,85.37
Norway,1984,88.31
Norway,1985,89.40
Norway,1986,88.32
Norway,1987,88.97
Norway,1988,88.03
Norway,1989,90.92
Norway,1990,92.40
Norway,1991,95.08
Norway,1992,94.80
Norway,1993,96.58
Norway,1994,99.35
Norway,1995,102.22
Norway,1996,106.59
Norway,1997,107.93
Norway,1998,100.89
Norway,1999,104.59
Norway,2000,121.84
Norway,2001,121.74
Norway,2002,118.85
Norway,2003,118.26
Norway,2004,122.15
Norway,2005,129.19
Norway,2006,137.49
Norway,2007,131.45
Norway,2008,137.40
Norway,2009,122.47
Norway,2010,124.54
Norway,2011,130.11
Norway,2012,133.29
Norway,2013,134.73
Norway,2014,129.53
Norway,2015,117.34
Norway,2016,113.53
Norway,2017,120.44
Norway,2018,125.53
Norway,2019,115.86
Norway,2020,107.63
Poland,1993,28.27
Poland,1994,29.42
Poland,1995,31.72
Poland,1996,32.15
Poland,1997,33.28
Poland,1998,34.20
Poland,1999,37.00
Poland,2000,37.05
Poland,2001,38.06
Poland,2002,40.00
Poland,2003,39.88
Poland,2004,40.65
Poland,2005,39.39
Poland,2006,40.09
Poland,2007,40.83
Poland,2008,41.60
Poland,2009,42.26
Poland,2010,45.71
Poland,2011,48.49
Poland,2012,49.27
Poland,2013,50.03
Poland,2014,49.70
Poland,2015,49.70
Poland,2016,52.15
Poland,2017,53.79
Poland,2018,55.60
Poland,2019,57.33
Poland,2020,56.52
Portugal,1970,40.65
Portugal,1971,41.30
Portugal,1972,44.04
Portugal,1973,48.51
Portugal,1974,46.53
Portugal,1975,41.63
Portugal,1976,43.13
Portugal,1977,45.07
Portugal,1978,46.36
Portugal,1979,48.45
Portugal,1980,49.83
Portugal,1981,49.55
Portugal,1982,51.10
Portugal,1983,47.73
Portugal,1984,46.27
Portugal,1985,47.19
Portugal,1986,48.27
Portugal,1987,49.28
Portugal,1988,51.06
Portugal,1989,52.10
Portugal,1990,52.44
Portugal,1991,54.48
Portugal,1992,54.56
Portugal,1993,54.28
Portugal,1994,54.15
Portugal,1995,54.82
Portugal,1996,53.69
Portugal,1997,54.02
Portugal,1998,53.56
Portugal,1999,53.88
Portugal,2000,53.59
Portugal,2001,52.95
Portugal,2002,53.16
Portugal,2003,52.74
Portugal,2004,51.87
Portugal,2005,52.41
Portugal,2006,54.93
Portugal,2007,54.58
Portugal,2008,55.05
Portugal,2009,54.12
Portugal,2010,54.39
Portugal,2011,53.93
Portugal,2012,54.60
Portugal,2013,57.47
Portugal,2014,56.49
Portugal,2015,56.14
Portugal,2016,57.77
Portugal,2017,57.03
Portugal,2018,56.43
Portugal,2019,56.17
Portugal,2020,56.46
Slovak Republic,1995,35.91
Slovak Republic,1996,37.21
Slovak Republic,1997,38.92
Slovak Republic,1998,40.07
Slovak Republic,1999,39.87
Slovak Republic,2000,41.06
Slovak Republic,2001,42.80
Slovak Republic,2002,45.19
Slovak Republic,2003,46.81
Slovak Republic,2004,46.58
Slovak Republic,2005,46.84
Slovak Republic,2006,49.99
Slovak Republic,2007,52.28
Slovak Republic,2008,54.83
Slovak Republic,2009,52.84
Slovak Republic,2010,55.89
Slovak Republic,2011,56.02
Slovak Republic,2012,56.53
Slovak Republic,2013,58.52
Slovak Republic,2014,58.94
Slovak Republic,2015,59.19
Slovak Republic,2016,56.99
Slovak Republic,2017,55.89
Slovak Republic,2018,55.32
Slovak Republic,2019,54.99
Slovak Republic,2020,57.10
Spain,1970,50.50
Spain,1971,50.67
Spain,1972,53.45
Spain,1973,55.51
Spain,1974,58.57
Spain,1975,57.98
Spain,1976,58.89
Spain,1977,60.43
Spain,1978,62.76
Spain,1979,65.02
Spain,1980,68.95
Spain,1981,70.20
Spain,1982,72.73
Spain,1983,73.57
Spain,1984,76.88
Spain,1985,78.48
Spain,1986,77.80
Spain,1987,78.15
Spain,1988,78.63
Spain,1989,79.39
Spain,1990,77.95
Spain,1991,77.57
Spain,1992,77.11
Spain,1993,78.60
Spain,1994,80.23
Spain,1995,80.72
Spain,1996,79.76
Spain,1997,78.85
Spain,1998,77.83
Spain,1999,74.58
Spain,2000,73.62
Spain,2001,72.69
Spain,2002,73.14
Spain,2003,70.95
Spain,2004,69.56
Spain,2005,68.72
Spain,2006,72.21
Spain,2007,72.86
Spain,2008,73.01
Spain,2009,72.82
Spain,2010,71.18
Spain,2011,71.98
Spain,2012,73.65
Spain,2013,75.60
Spain,2014,75.38
Spain,2015,74.94
Spain,2016,77.11
Spain,2017,78.03
Spain,2018,75.98
Spain,2019,74.82
Spain,2020,73.40
Sweden,1970,91.39
Sweden,1971,90.77
Sweden,1972,92.52
Sweden,1973,94.55
Sweden,1974,97.67
Sweden,1975,97.06
Sweden,1976,94.68
Sweden,1977,93.97
Sweden,1978,96.75
Sweden,1979,99.45
Sweden,1980,99.94
Sweden,1981,98.53
Sweden,1982,99.33
Sweden,1983,97.66
Sweden,1984,98.68
Sweden,1985,97.77
Sweden,1986,97.72
Sweden,1987,98.84
Sweden,1988,97.60
Sweden,1989,97.96
Sweden,1990,96.35
Sweden,1991,96.33
Sweden,1992,95.19
Sweden,1993,96.91
Sweden,1994,98.51
Sweden,1995,100.13
Sweden,1996,99.70
Sweden,1997,101.18
Sweden,1998,100.54
Sweden,1999,99.58
Sweden,2000,101.23
Sweden,2001,97.50
Sweden,2002,98.15
Sweden,2003,97.91
Sweden,2004,98.46
Sweden,2005,94.93
Sweden,2006,99.40
Sweden,2007,101.03
Sweden,2008,100.35
Sweden,2009,95.93
Sweden,2010,95.39
Sweden,2011,97.18
Sweden,2012,97.59
Sweden,2013,97.77
Sweden,2014,96.96
Sweden,2015,98.88
Sweden,2016,98.85
Sweden,2017,98.73
Sweden,2018,97.77
Sweden,2019,98.35
Sweden,2020,99.46
Switzerland,1970,104.00
Switzerland,1971,103.02
Switzerland,1972,103.60
Switzerland,1973,104.69
Switzerland,1974,108.88
Switzerland,1975,103.67
Switzerland,1976,102.96
Switzerland,1977,105.39
Switzerland,1978,104.76
Switzerland,1979,106.49
Switzerland,1980,109.73
Switzerland,1981,107.60
Switzerland,1982,106.66
Switzerland,1983,105.35
Switzerland,1984,106.42
Switzerland,1985,106.59
Switzerland,1986,104.32
Switzerland,1987,102.75
Switzerland,1988,102.28
Switzerland,1989,103.91
Switzerland,1990,103.24
Switzerland,1991,99.28
Switzerland,1992,96.83
Switzerland,1993,97.35
Switzerland,1994,97.21
Switzerland,1995,98.73
Switzerland,1996,98.73
Switzerland,1997,100.37
Switzerland,1998,98.93
Switzerland,1999,95.75
Switzerland,2000,96.11
Switzerland,2001,96.06
Switzerland,2002,95.55
Switzerland,2003,91.28
Switzerland,2004,88.71
Switzerland,2005,87.39
Switzerland,2006,92.71
Switzerland,2007,97.02
Switzerland,2008,98.76
Switzerland,2009,95.02
Switzerland,2010,95.40
Switzerland,2011,97.52
Switzerland,2012,98.84
Switzerland,2013,101.64
Switzerland,2014,102.28
Switzerland,2015,102.53
Switzerland,2016,104.07
Switzerland,2017,103.86
Switzerland,2018,104.18
Switzerland,2019,101.99
Switzerland,2020,102.46
Turkey,1970,36.86
Turkey,1971,37.22
Turkey,1972,38.11
Turkey,1973,37.97
Turkey,1974,39.67
Turkey,1975,41.26
Turkey,1976,44.14
Turkey,1977,44.18
Turkey,1978,44.27
Turkey,1979,43.48
Turkey,1980,42.04
Turkey,1981,42.89
Turkey,1982,44.26
Turkey,1983,44.96
Turkey,1984,47.90
Turkey,1985,47.54
Turkey,1986,49.26
Turkey,1987,53.47
Turkey,1988,53.40
Turkey,1989,50.91
Turkey,1990,53.81
Turkey,1991,51.46
Turkey,1992,51.53
Turkey,1993,57.66
Turkey,1994,50.91
Turkey,1995,53.23
Turkey,1996,53.48
Turkey,1997,56.99
Turkey,1998,41.65
Turkey,1999,37.76
Turkey,2000,40.64
Turkey,2001,37.96
Turkey,2002,37.49
Turkey,2003,37.64
Turkey,2004,40.76
Turkey,2005,41.83
Turkey,2006,45.64
Turkey,2007,48.47
Turkey,2008,50.73
Turkey,2009,48.03
Turkey,2010,49.86
Turkey,2011,53.09
Turkey,2012,53.95
Turkey,2013,57.08
Turkey,2014,58.04
Turkey,2015,60.95
Turkey,2016,62.34
Turkey,2017,63.18
Turkey,2018,61.74
Turkey,2019,60.20
Turkey,2020,62.45
United Kingdom,1970,66.30
United Kingdom,1971,68.08
United Kingdom,1972,70.38
United Kingdom,1973,69.98
United Kingdom,1974,70.12
United Kingdom,1975,67.70
United Kingdom,1976,69.02
United Kingdom,1977,70.66
United Kingdom,1978,73.45
United Kingdom,1979,75.41
United Kingdom,1980,76.15
United Kingdom,1981,78.87
United Kingdom,1982,81.46
United Kingdom,1983,83.49
United Kingdom,1984,81.02
United Kingdom,1985,80.48
United Kingdom,1986,80.76
United Kingdom,1987,83.14
United Kingdom,1988,82.06
United Kingdom,1989,81.68
United Kingdom,1990,81.16
United Kingdom,1991,81.74
United Kingdom,1992,82.79
United Kingdom,1993,85.50
United Kingdom,1994,86.86
United Kingdom,1995,87.88
United Kingdom,1996,89.12
United Kingdom,1997,89.24
United Kingdom,1998,88.26
United Kingdom,1999,86.90
United Kingdom,2000,89.64
United Kingdom,2001,89.43
United Kingdom,2002,90.34
United Kingdom,2003,89.87
United Kingdom,2004,89.60
United Kingdom,2005,85.99
United Kingdom,2006,88.16
United Kingdom,2007,86.41
United Kingdom,2008,87.31
United Kingdom,2009,82.71
United Kingdom,2010,83.65
United Kingdom,2011,83.50
United Kingdom,2012,82.94
United Kingdom,2013,84.18
United Kingdom,2014,83.32
United Kingdom,2015,84.82
United Kingdom,2016,85.58
United Kingdom,2017,86.45
United Kingdom,2018,85.12
United Kingdom,2019,84.85
United Kingdom,2020,88.55
United States,1970,100.00
United States,1971,100.00
United States,1972,100.00
United States,1973,100.00
United States,1974,100.00
United States,1975,100.00
United States,1976,100.00
United States,1977,100.00
United States,1978,100.00
United States,1979,100.00
United States,1980,100.00
United States,1981,100.00
United States,1982,100.00
United States,1983,100.00
United States,1984,100.00
United States,1985,100.00
United States,1986,100.00
United States,1987,100.00
United States,1988,100.00
United States,1989,100.00
United States,1990,100.00
United States,1991,100.00
United States,1992,100.00
United States,1993,100.00
United States,1994,100.00
United States,1995,100.00
United States,1996,100.00
United States,1997,100.00
United States,1998,100.00
United States,1999,100.00
United States,2000,100.00
United States,2001,100.00
United States,2002,100.00
United States,2003,100.00
United States,2004,100.00
United States,2005,100.00
United States,2006,100.00
United States,2007,100.00
United States,2008,100.00
United States,2009,100.00
United States,2010,100.00
United States,2011,100.00
United States,2012,100.00
United States,2013,100.00
United States,2014,100.00
United States,2015,100.00
United States,2016,100.00
United States,2017,100.00
United States,2018,100.00
United States,2019,100.00
United States,2020,100.00
Chile,1986,20.35
Chile,1987,20.70
Chile,1988,20.67
Chile,1989,21.46
Chile,1990,21.38
Chile,1991,22.43
Chile,1992,23.25
Chile,1993,23.66
Chile,1994,24.87
Chile,1995,27.43
Chile,1996,28.64
Chile,1997,30.41
Chile,1998,29.81
Chile,1999,29.46
Chile,2000,29.86
Chile,2001,30.12
Chile,2002,29.57
Chile,2003,28.94
Chile,2004,29.53
Chile,2005,30.47
Chile,2006,35.82
Chile,2007,37.01
Chile,2008,34.84
Chile,2009,33.76
Chile,2010,33.70
Chile,2011,35.89
Chile,2012,37.20
Chile,2013,37.68
Chile,2014,37.76
Chile,2015,36.91
Chile,2016,38.02
Chile,2017,38.66
Chile,2018,39.68
Chile,2019,38.39
Chile,2020,43.68
Estonia,2000,29.39
Estonia,2001,30.53
Estonia,2002,32.84
Estonia,2003,34.16
Estonia,2004,35.66
Estonia,2005,37.26
Estonia,2006,39.62
Estonia,2007,43.43
Estonia,2008,43.87
Estonia,2009,45.28
Estonia,2010,47.22
Estonia,2011,48.01
Estonia,2012,49.58
Estonia,2013,50.99
Estonia,2014,52.19
Estonia,2015,50.61
Estonia,2016,53.36
Estonia,2017,54.60
Estonia,2018,57.60
Estonia,2019,58.42
Estonia,2020,59.68
Israel,1981,73.21
Israel,1982,74.72
Israel,1983,73.12
Israel,1984,71.05
Israel,1985,72.15
Israel,1986,72.47
Israel,1987,74.93
Israel,1988,75.46
Israel,1989,73.85
Israel,1990,76.37
Israel,1991,77.26
Israel,1992,74.27
Israel,1993,73.50
Israel,1994,71.89
Israel,1995,71.00
Israel,1996,69.95
Israel,1997,69.71
Israel,1998,70.10
Israel,1999,68.01
Israel,2000,70.16
Israel,2001,69.29
Israel,2002,67.39
Israel,2003,61.59
Israel,2004,62.78
Israel,2005,58.05
Israel,2006,57.55
Israel,2007,57.39
Israel,2008,54.77
Israel,2009,52.84
Israel,2010,52.97
Israel,2011,54.80
Israel,2012,55.36
Israel,2013,58.25
Israel,2014,56.99
Israel,2015,57.72
Israel,2016,59.77
Israel,2017,59.81
Israel,2018,59.85
Israel,2019,59.23
Israel,2020,62.24
Russia,1995,22.19
Russia,1996,21.19
Russia,1997,21.51
Russia,1998,20.56
Russia,1999,19.55
Russia,2000,20.49
Russia,2001,21.07
Russia,2002,21.41
Russia,2003,23.34
Russia,2004,24.07
Russia,2005,26.03
Russia,2006,31.00
Russia,2007,32.35
Russia,2008,37.77
Russia,2009,36.24
Russia,2010,36.51
Russia,2011,36.53
Russia,2012,37.72
Russia,2013,39.81
Russia,2014,38.98
Russia,2015,35.70
Russia,2016,35.40
Russia,2017,36.97
Russia,2018,40.07
Russia,2019,40.74
Russia,2020,41.43
Slovenia,1995,50.34
Slovenia,1996,52.49
Slovenia,1997,55.67
Slovenia,1998,56.07
Slovenia,1999,56.26
Slovenia,2000,56.35
Slovenia,2001,57.00
Slovenia,2002,56.69
Slovenia,2003,56.38
Slovenia,2004,57.13
Slovenia,2005,58.58
Slovenia,2006,61.00
Slovenia,2007,61.56
Slovenia,2008,61.88
Slovenia,2009,56.67
Slovenia,2010,56.51
Slovenia,2011,59.24
Slovenia,2012,59.51
Slovenia,2013,60.22
Slovenia,2014,59.76
Slovenia,2015,59.35
Slovenia,2016,63.08
Slovenia,2017,65.35
Slovenia,2018,66.41
Slovenia,2019,66.15
Slovenia,2020,65.88
OECD - Total,2000,74.06
OECD - Total,2001,73.84
OECD - Total,2002,73.38
OECD - Total,2003,72.48
OECD - Total,2004,72.19
OECD - Total,2005,71.38
OECD - Total,2006,72.56
OECD - Total,2007,72.70
OECD - Total,2008,72.52
OECD - Total,2009,70.81
OECD - Total,2010,70.22
OECD - Total,2011,71.19
OECD - Total,2012,71.23
OECD - Total,2013,72.25
OECD - Total,2014,72.20
OECD - Total,2015,72.52
OECD - Total,2016,73.58
OECD - Total,2017,73.92
OECD - Total,2018,73.81
OECD - Total,2019,73.39
OECD - Total,2020,74.86
G7,1970,71.70
G7,1971,71.97
G7,1972,73.68
G7,1973,74.99
G7,1974,76.91
G7,1975,76.47
G7,1976,77.22
G7,1977,78.53
G7,1978,80.17
G7,1979,81.58
G7,1980,82.22
G7,1981,82.49
G7,1982,83.55
G7,1983,83.57
G7,1984,84.02
G7,1985,84.77
G7,1986,84.64
G7,1987,85.62
G7,1988,86.67
G7,1989,87.86
G7,1990,88.48
G7,1991,88.87
G7,1992,88.33
G7,1993,89.38
G7,1994,90.19
G7,1995,91.32
G7,1996,90.98
G7,1997,91.21
G7,1998,91.06
G7,1999,90.69
G7,2000,91.01
G7,2001,90.88
G7,2002,90.83
G7,2003,89.70
G7,2004,89.10
G7,2005,88.34
G7,2006,88.82
G7,2007,88.43
G7,2008,88.29
G7,2009,86.51
G7,2010,86.41
G7,2011,87.19
G7,2012,87.28
G7,2013,88.39
G7,2014,88.24
G7,2015,88.54
G7,2016,89.33
G7,2017,89.49
G7,2018,89.18
G7,2019,88.82
G7,2020,89.52
Latvia,2000,29.36
Latvia,2001,30.53
Latvia,2002,32.57
Latvia,2003,33.66
Latvia,2004,35.90
Latvia,2005,37.37
Latvia,2006,38.30
Latvia,2007,41.02
Latvia,2008,39.94
Latvia,2009,39.40
Latvia,2010,41.76
Latvia,2011,42.63
Latvia,2012,45.29
Latvia,2013,45.74
Latvia,2014,47.01
Latvia,2015,48.38
Latvia,2016,50.76
Latvia,2017,52.94
Latvia,2018,53.47
Latvia,2019,54.36
Latvia,2020,54.42
Lithuania,1995,28.57
Lithuania,1996,29.03
Lithuania,1997,30.63
Lithuania,1998,31.70
Lithuania,1999,32.01
Lithuania,2000,31.90
Lithuania,2001,35.44
Lithuania,2002,36.70
Lithuania,2003,39.37
Lithuania,2004,38.34
Lithuania,2005,39.60
Lithuania,2006,42.77
Lithuania,2007,45.35
Lithuania,2008,47.08
Lithuania,2009,44.04
Lithuania,2010,47.16
Lithuania,2011,51.83
Lithuania,2012,53.05
Lithuania,2013,55.34
Lithuania,2014,55.70
Lithuania,2015,54.06
Lithuania,2016,54.57
Lithuania,2017,58.81
Lithuania,2018,59.51
Lithuania,2019,60.78
Lithuania,2020,62.71
Euro area (19 countries),1995,88.45
Euro area (19 countries),1996,87.15
Euro area (19 countries),1997,87.39
Euro area (19 countries),1998,87.08
Euro area (19 countries),1999,85.51
Euro area (19 countries),2000,85.51
Euro area (19 countries),2001,85.40
Euro area (19 countries),2002,85.40
Euro area (19 countries),2003,82.93
Euro area (19 countries),2004,81.37
Euro area (19 countries),2005,79.73
Euro area (19 countries),2006,81.81
Euro area (19 countries),2007,81.84
Euro area (19 countries),2008,82.15
Euro area (19 countries),2009,80.05
Euro area (19 countries),2010,79.76
Euro area (19 countries),2011,81.40
Euro area (19 countries),2012,81.77
Euro area (19 countries),2013,83.78
Euro area (19 countries),2014,83.71
Euro area (19 countries),2015,84.13
Euro area (19 countries),2016,86.99
Euro area (19 countries),2017,87.84
Euro area (19 countries),2018,87.08
Euro area (19 countries),2019,86.23
Euro area (19 countries),2020,87.08
South Africa,2001,29.89
South Africa,2002,30.37
South Africa,2003,31.55
South Africa,2004,31.22
South Africa,2005,29.63
South Africa,2006,30.55
South Africa,2007,31.53
South Africa,2008,30.17
South Africa,2009,30.07
South Africa,2010,31.25
South Africa,2011,31.36
South Africa,2012,30.52
South Africa,2013,30.58
South Africa,2014,30.02
South Africa,2015,32.66
South Africa,2016,28.90
South Africa,2017,28.33
South Africa,2018,27.94
South Africa,2019,27.71
Costa Rica,1991,25.28
Costa Rica,1992,24.71
Costa Rica,1993,25.08
Costa Rica,1994,24.60
Costa Rica,1995,25.05
Costa Rica,1996,24.50
Costa Rica,1997,23.82
Costa Rica,1998,23.51
Costa Rica,1999,23.30
Costa Rica,2000,23.07
Costa Rica,2001,22.42
Costa Rica,2002,21.96
Costa Rica,2003,21.57
Costa Rica,2004,21.53
Costa Rica,2005,20.70
Costa Rica,2006,21.30
Costa Rica,2007,21.28
Costa Rica,2008,21.68
Costa Rica,2009,21.61
Costa Rica,2010,23.51
Costa Rica,2011,24.65
Costa Rica,2012,24.24
Costa Rica,2013,25.82
Costa Rica,2014,27.07
Costa Rica,2015,28.54
Costa Rica,2016,30.94
Costa Rica,2017,31.86
Costa Rica,2018,33.28
Costa Rica,2019,34.02
Costa Rica,2020,38.92
European Union – 27 countries (from 01/02/2020),1995,85.86
European Union – 27 countries (from 01/02/2020),1996,85.75
European Union – 27 countries (from 01/02/2020),1997,84.78
European Union – 27 countries (from 01/02/2020),1998,84.45
European Union – 27 countries (from 01/02/2020),1999,83.85
European Union – 27 countries (from 01/02/2020),2000,83.99
European Union – 27 countries (from 01/02/2020),2001,84.12
European Union – 27 countries (from 01/02/2020),2002,84.24
European Union – 27 countries (from 01/02/2020),2003,82.40
European Union – 27 countries (from 01/02/2020),2004,81.04
European Union – 27 countries (from 01/02/2020),2005,79.67
European Union – 27 countries (from 01/02/2020),2006,79.56
European Union – 27 countries (from 01/02/2020),2007,79.40
European Union – 27 countries (from 01/02/2020),2008,78.69
European Union – 27 countries (from 01/02/2020),2009,74.74
European Union – 27 countries (from 01/02/2020),2010,75.19
European Union – 27 countries (from 01/02/2020),2011,75.90
European Union – 27 countries (from 01/02/2020),2012,75.63
European Union – 27 countries (from 01/02/2020),2013,75.57
European Union – 27 countries (from 01/02/2020),2014,74.93
European Union – 27 countries (from 01/02/2020),2015,75.79
European Union – 27 countries (from 01/02/2020),2016,75.71
European Union – 27 countries (from 01/02/2020),2017,75.88
European Union – 27 countries (from 01/02/2020),2018,74.87
European Union – 27 countries (from 01/02/2020),2019,74.65
European Union – 27 countries (from 01/02/2020),2020,73.48
Colombia,1975,17.41
Colombia,1976,17.30
Colombia,1977,17.12
Colombia,1978,18.00
Colombia,1979,18.44
Colombia,1980,18.88
Colombia,1981,18.18
Colombia,1982,18.22
Colombia,1983,18.10
Colombia,1984,18.18
Colombia,1985,18.00
Colombia,1986,18.04
Colombia,1987,18.07
Colombia,1988,18.08
Colombia,1989,17.79
Colombia,1990,22.78
Colombia,1991,21.69
Colombia,1992,21.62
Colombia,1993,21.33
Colombia,1994,21.37
Colombia,1995,21.49
Colombia,1996,21.18
Colombia,1997,21.14
Colombia,1998,20.83
Colombia,1999,19.47
Colombia,2000,18.24
Colombia,2001,17.91
Colombia,2002,17.05
Colombia,2003,16.57
Colombia,2004,17.08
Colombia,2005,17.03
Colombia,2006,17.94
Colombia,2007,18.43
Colombia,2008,18.23
Colombia,2009,17.22
Colombia,2010,16.85
Colombia,2011,17.42
Colombia,2012,17.34
Colombia,2013,17.87
Colombia,2014,18.13
Colombia,2015,17.66
Colombia,2016,18.54
Colombia,2017,18.84
Colombia,2018,20.13
Colombia,2019,20.82
Colombia,2020,25.68
